{
    "category_sources": {
      "emails": ["breach-checking"],
      "credentials": ["breach-checking", "hacked-accounts"],
      "financial_info": ["bank-accounts", "credit-cards"],
      "medical_info": ["healthcare-data", "insurance"],
      "social_security": ["ssn-data", "social-security"],
      "location": ["address", "gps"]
    },
    "categories": {
      "credentials": ["password", "username", "login", "account"],
      "financial_info": ["credit card", "bank account", "financial records"],
      "personal_info": ["name", "address", "phone", "date of birth"],
      "cyber_terms": ["hacker", "data breach", "cyber attack"],
      "darkweb": ["dark web", "tor", "onion sites"],
      "sensitive_data": ["sensitive information", "private data", "personal details"],
      "emails": ["email", "email address", "gmail", "yahoo"],
      "medical_info": ["medical record", "health data", "prescription", "doctor"],
      "social_security": ["social security", "SSN"],
      "location": ["location", "address", "city", "coordinates"]
    }
  }
  