Timestamp,Text,URL,Keywords,Categories,Score,User Name,User Email
2025-05-02 16:33:34,"What is Malware? Malware Definition, Types and Protection",//duckduckgo.com/l/?uddg=https%3A%2F%2Fwww.malwarebytes.com%2Fmalware&rut=342bcac4f9f2fa73f6b19a8384a0bd4e8c8d081d2ad61b48a1bd7cc1bd7f0333,"malware, malware",cyber_terms,2,,lol
2025-05-02 16:33:34,"Malwarebytes Antivirus, Anti-Malware, Privacy & Scam Protection",//duckduckgo.com/l/?uddg=https%3A%2F%2Fwww.malwarebytes.com%2F&rut=e117b50998bc3d169edb51c0ce3975b2b0df488f86236a742fac632f34cba3b0,malware,,1,,lol
2025-05-02 16:33:34,What Is Malware? Definition and Types | Microsoft Security,//duckduckgo.com/l/?uddg=https%3A%2F%2Fwww.microsoft.com%2Fen%2Dus%2Fsecurity%2Fbusiness%2Fsecurity%2D101%2Fwhat%2Dis%2Dmalware&rut=87e7a1a32af59e3164c74d5b7e02cb082e1bd692b74da02e797e55fc54321d08,"malware, malware",cyber_terms,2,,lol
2025-05-02 16:33:34,Malware - Wikipedia,//duckduckgo.com/l/?uddg=https%3A%2F%2Fen.wikipedia.org%2Fwiki%2FMalware&rut=e7e3c3aa6d6b3fa2790083d2cf64a5ecb308c2ed7d5b1babaa5c90bf130b72b8,"malware, malware",cyber_terms,2,,lol
2025-05-02 16:33:34,What Is Malware? - Definition and Examples - Cisco,//duckduckgo.com/l/?uddg=https%3A%2F%2Fwww.cisco.com%2Fsite%2Fus%2Fen%2Flearn%2Ftopics%2Fsecurity%2Fwhat%2Dis%2Dmalware.html&rut=3629b0bbad6c89e34c7322e82cf1c65c10320fd4acf22df2a547bad1cd251afc,"malware, malware",cyber_terms,2,,lol
2025-05-02 16:33:34,What is Malware? And its Types - GeeksforGeeks,//duckduckgo.com/l/?uddg=https%3A%2F%2Fwww.geeksforgeeks.org%2Fmalware%2Dand%2Dits%2Dtypes%2F&rut=be91a978f406b5b4136dd8ec68f4d41fc00ae80ff4d00e087d013ef2df18e2a5,"malware, malware",cyber_terms,2,,lol
2025-05-02 16:33:34,"Malware: How To Protect Against, Detect, and Remove It",//duckduckgo.com/l/?uddg=https%3A%2F%2Fconsumer.ftc.gov%2Farticles%2Fmalware%2Dhow%2Dprotect%2Dagainst%2Ddetect%2Dand%2Dremove%2Dit&rut=a74982f22226a0dbf5e5b8261966cbc5a6042b3b93090b5133945df7932caa6d,"malware, malware",cyber_terms,2,,lol
2025-05-02 16:33:34,"What is malware? Prevention, detection and how attacks work - TechTarget",//duckduckgo.com/l/?uddg=https%3A%2F%2Fwww.techtarget.com%2FsearchSecurity%2Fdefinition%2Fmalware&rut=a96c4ca3123184b8f6c11a7ca43b46b3be29eeeca7c51eb482caa66e639d0055,"malware, malware",cyber_terms,2,,lol
2025-05-02 16:33:34,"Malware: What it is, how it works, and how to get rid of it - Norton™",//duckduckgo.com/l/?uddg=https%3A%2F%2Fus.norton.com%2Fblog%2Femerging%2Dthreats%2Fmalware&rut=ecc8d46979365d6722058ede7f6290ecdac04901d520ee3c69e9e9e4a0b5a0e4,"malware, malware",cyber_terms,2,,lol
2025-05-02 16:33:34,12 Types of Malware + Examples That You Should Know - CrowdStrike,//duckduckgo.com/l/?uddg=https%3A%2F%2Fwww.crowdstrike.com%2Fen%2Dus%2Fcybersecurity%2D101%2Fmalware%2Ftypes%2Dof%2Dmalware%2F&rut=7e02876502f70efb849afdbf1dd156b8a65c4a864eff8b7daa9b12eb796bad52,"malware, malware",cyber_terms,2,,lol
